case,predict
482.jpeg,1.0
457.jpeg,1.0
146.jpeg,1.0
315.jpeg,1.0
49.jpeg,0.0
172.jpeg,1.0
422.jpeg,1.0
498.jpeg,1.0
304.jpeg,1.0
490.jpeg,1.0
542.jpeg,1.0
211.jpeg,0.0
321.jpeg,1.0
493.jpeg,1.0
111.jpeg,1.0
444.jpeg,1.0
364.jpeg,0.0
609.jpeg,1.0
165.jpeg,0.0
583.jpeg,1.0
567.jpeg,1.0
192.jpeg,1.0
224.jpeg,1.0
60.jpeg,1.0
593.jpeg,0.0
1.jpeg,1.0
513.jpeg,0.0
606.jpeg,1.0
64.jpeg,1.0
201.jpeg,1.0
506.jpeg,1.0
206.jpeg,1.0
451.jpeg,1.0
559.jpeg,1.0
163.jpeg,1.0
445.jpeg,1.0
528.jpeg,1.0
190.jpeg,1.0
39.jpeg,1.0
297.jpeg,1.0
546.jpeg,1.0
219.jpeg,1.0
475.jpeg,1.0
305.jpeg,1.0
7.jpeg,1.0
92.jpeg,1.0
471.jpeg,1.0
151.jpeg,1.0
246.jpeg,1.0
45.jpeg,0.0
368.jpeg,1.0
334.jpeg,0.0
180.jpeg,0.0
616.jpeg,0.0
436.jpeg,1.0
85.jpeg,1.0
446.jpeg,1.0
299.jpeg,1.0
376.jpeg,1.0
561.jpeg,1.0
181.jpeg,1.0
42.jpeg,1.0
328.jpeg,1.0
137.jpeg,0.0
447.jpeg,1.0
395.jpeg,1.0
595.jpeg,1.0
202.jpeg,0.0
314.jpeg,1.0
14.jpeg,1.0
388.jpeg,1.0
429.jpeg,1.0
70.jpeg,1.0
578.jpeg,1.0
226.jpeg,1.0
115.jpeg,1.0
326.jpeg,1.0
177.jpeg,1.0
267.jpeg,1.0
99.jpeg,1.0
6.jpeg,0.0
602.jpeg,1.0
622.jpeg,1.0
21.jpeg,1.0
11.jpeg,0.0
591.jpeg,0.0
288.jpeg,1.0
491.jpeg,1.0
166.jpeg,0.0
169.jpeg,1.0
266.jpeg,1.0
389.jpeg,1.0
276.jpeg,0.0
408.jpeg,1.0
371.jpeg,0.0
424.jpeg,0.0
48.jpeg,1.0
425.jpeg,1.0
419.jpeg,1.0
36.jpeg,1.0
555.jpeg,1.0
261.jpeg,1.0
313.jpeg,1.0
245.jpeg,1.0
160.jpeg,1.0
129.jpeg,1.0
141.jpeg,0.0
28.jpeg,1.0
311.jpeg,1.0
269.jpeg,0.0
568.jpeg,1.0
386.jpeg,1.0
541.jpeg,1.0
552.jpeg,1.0
587.jpeg,1.0
73.jpeg,1.0
478.jpeg,1.0
51.jpeg,1.0
571.jpeg,1.0
358.jpeg,0.0
589.jpeg,1.0
540.jpeg,1.0
511.jpeg,0.0
4.jpeg,1.0
37.jpeg,1.0
117.jpeg,1.0
294.jpeg,1.0
3.jpeg,1.0
468.jpeg,1.0
485.jpeg,0.0
273.jpeg,1.0
469.jpeg,1.0
67.jpeg,1.0
193.jpeg,1.0
140.jpeg,1.0
553.jpeg,1.0
384.jpeg,1.0
227.jpeg,1.0
524.jpeg,1.0
214.jpeg,1.0
292.jpeg,1.0
270.jpeg,1.0
179.jpeg,1.0
106.jpeg,1.0
365.jpeg,1.0
392.jpeg,1.0
612.jpeg,0.0
586.jpeg,1.0
464.jpeg,0.0
346.jpeg,0.0
298.jpeg,1.0
96.jpeg,1.0
213.jpeg,0.0
232.jpeg,1.0
504.jpeg,1.0
259.jpeg,1.0
149.jpeg,1.0
2.jpeg,1.0
434.jpeg,1.0
577.jpeg,1.0
596.jpeg,1.0
82.jpeg,1.0
345.jpeg,1.0
486.jpeg,1.0
248.jpeg,1.0
157.jpeg,1.0
229.jpeg,1.0
301.jpeg,1.0
494.jpeg,1.0
122.jpeg,1.0
105.jpeg,0.0
234.jpeg,1.0
204.jpeg,0.0
50.jpeg,1.0
538.jpeg,1.0
545.jpeg,1.0
496.jpeg,1.0
455.jpeg,0.0
407.jpeg,1.0
241.jpeg,1.0
291.jpeg,1.0
145.jpeg,1.0
336.jpeg,0.0
382.jpeg,1.0
195.jpeg,0.0
536.jpeg,1.0
9.jpeg,0.0
230.jpeg,1.0
531.jpeg,1.0
187.jpeg,1.0
608.jpeg,1.0
138.jpeg,1.0
481.jpeg,1.0
262.jpeg,1.0
62.jpeg,1.0
463.jpeg,1.0
135.jpeg,1.0
374.jpeg,1.0
472.jpeg,1.0
203.jpeg,1.0
585.jpeg,1.0
126.jpeg,1.0
432.jpeg,1.0
55.jpeg,1.0
375.jpeg,1.0
34.jpeg,1.0
579.jpeg,1.0
278.jpeg,1.0
302.jpeg,1.0
182.jpeg,0.0
264.jpeg,1.0
152.jpeg,1.0
23.jpeg,1.0
539.jpeg,1.0
361.jpeg,1.0
125.jpeg,0.0
168.jpeg,1.0
287.jpeg,1.0
236.jpeg,1.0
489.jpeg,1.0
550.jpeg,1.0
372.jpeg,0.0
57.jpeg,1.0
330.jpeg,1.0
617.jpeg,1.0
480.jpeg,1.0
148.jpeg,0.0
133.jpeg,1.0
89.jpeg,1.0
603.jpeg,1.0
515.jpeg,0.0
327.jpeg,1.0
360.jpeg,1.0
61.jpeg,0.0
318.jpeg,1.0
306.jpeg,1.0
101.jpeg,1.0
76.jpeg,1.0
557.jpeg,1.0
406.jpeg,1.0
363.jpeg,1.0
18.jpeg,1.0
462.jpeg,1.0
503.jpeg,1.0
142.jpeg,1.0
574.jpeg,0.0
93.jpeg,1.0
338.jpeg,1.0
479.jpeg,1.0
162.jpeg,1.0
84.jpeg,1.0
303.jpeg,1.0
40.jpeg,0.0
150.jpeg,1.0
58.jpeg,1.0
114.jpeg,1.0
322.jpeg,1.0
476.jpeg,1.0
212.jpeg,1.0
543.jpeg,0.0
46.jpeg,1.0
402.jpeg,1.0
80.jpeg,1.0
572.jpeg,1.0
260.jpeg,0.0
618.jpeg,1.0
91.jpeg,1.0
381.jpeg,1.0
8.jpeg,0.0
15.jpeg,1.0
90.jpeg,1.0
25.jpeg,1.0
110.jpeg,0.0
10.jpeg,1.0
75.jpeg,0.0
310.jpeg,1.0
439.jpeg,0.0
461.jpeg,1.0
258.jpeg,1.0
173.jpeg,1.0
87.jpeg,0.0
309.jpeg,0.0
495.jpeg,1.0
440.jpeg,0.0
296.jpeg,1.0
250.jpeg,1.0
584.jpeg,1.0
551.jpeg,1.0
417.jpeg,0.0
244.jpeg,1.0
558.jpeg,1.0
438.jpeg,1.0
582.jpeg,0.0
383.jpeg,1.0
428.jpeg,1.0
505.jpeg,1.0
164.jpeg,1.0
522.jpeg,1.0
441.jpeg,0.0
282.jpeg,1.0
507.jpeg,0.0
418.jpeg,1.0
449.jpeg,1.0
116.jpeg,1.0
103.jpeg,1.0
427.jpeg,1.0
544.jpeg,1.0
456.jpeg,1.0
170.jpeg,1.0
189.jpeg,1.0
215.jpeg,1.0
454.jpeg,1.0
222.jpeg,0.0
431.jpeg,1.0
580.jpeg,1.0
581.jpeg,1.0
405.jpeg,1.0
134.jpeg,0.0
113.jpeg,1.0
43.jpeg,0.0
198.jpeg,1.0
563.jpeg,1.0
275.jpeg,0.0
20.jpeg,1.0
413.jpeg,0.0
483.jpeg,0.0
519.jpeg,1.0
516.jpeg,1.0
566.jpeg,0.0
254.jpeg,0.0
443.jpeg,1.0
252.jpeg,1.0
604.jpeg,1.0
354.jpeg,0.0
410.jpeg,1.0
325.jpeg,1.0
514.jpeg,0.0
565.jpeg,1.0
286.jpeg,0.0
420.jpeg,1.0
610.jpeg,1.0
525.jpeg,1.0
373.jpeg,1.0
239.jpeg,1.0
501.jpeg,1.0
24.jpeg,1.0
30.jpeg,1.0
283.jpeg,1.0
351.jpeg,0.0
355.jpeg,1.0
312.jpeg,1.0
285.jpeg,1.0
556.jpeg,1.0
221.jpeg,1.0
530.jpeg,1.0
562.jpeg,1.0
497.jpeg,1.0
344.jpeg,1.0
79.jpeg,1.0
409.jpeg,0.0
576.jpeg,1.0
535.jpeg,1.0
194.jpeg,1.0
594.jpeg,1.0
492.jpeg,1.0
199.jpeg,0.0
592.jpeg,1.0
534.jpeg,1.0
97.jpeg,0.0
398.jpeg,1.0
27.jpeg,1.0
380.jpeg,1.0
136.jpeg,1.0
356.jpeg,1.0
391.jpeg,1.0
31.jpeg,0.0
430.jpeg,1.0
362.jpeg,1.0
209.jpeg,1.0
139.jpeg,1.0
158.jpeg,1.0
370.jpeg,1.0
109.jpeg,1.0
450.jpeg,1.0
197.jpeg,1.0
348.jpeg,1.0
112.jpeg,1.0
366.jpeg,1.0
526.jpeg,1.0
38.jpeg,1.0
537.jpeg,1.0
171.jpeg,0.0
47.jpeg,1.0
621.jpeg,1.0
619.jpeg,1.0
521.jpeg,1.0
569.jpeg,1.0
474.jpeg,1.0
385.jpeg,1.0
623.jpeg,1.0
470.jpeg,1.0
554.jpeg,0.0
123.jpeg,1.0
488.jpeg,1.0
341.jpeg,1.0
143.jpeg,1.0
620.jpeg,1.0
200.jpeg,1.0
218.jpeg,1.0
196.jpeg,1.0
65.jpeg,1.0
400.jpeg,1.0
235.jpeg,1.0
401.jpeg,1.0
26.jpeg,0.0
88.jpeg,0.0
19.jpeg,0.0
94.jpeg,1.0
274.jpeg,1.0
118.jpeg,1.0
459.jpeg,0.0
220.jpeg,1.0
415.jpeg,0.0
69.jpeg,1.0
63.jpeg,0.0
271.jpeg,1.0
184.jpeg,1.0
243.jpeg,1.0
154.jpeg,1.0
127.jpeg,0.0
59.jpeg,0.0
404.jpeg,1.0
329.jpeg,1.0
560.jpeg,0.0
399.jpeg,1.0
29.jpeg,1.0
331.jpeg,1.0
53.jpeg,1.0
272.jpeg,1.0
533.jpeg,1.0
613.jpeg,1.0
532.jpeg,1.0
279.jpeg,1.0
307.jpeg,1.0
12.jpeg,1.0
547.jpeg,1.0
225.jpeg,0.0
237.jpeg,1.0
512.jpeg,1.0
396.jpeg,1.0
66.jpeg,0.0
453.jpeg,0.0
153.jpeg,0.0
161.jpeg,1.0
284.jpeg,1.0
144.jpeg,0.0
317.jpeg,1.0
247.jpeg,1.0
242.jpeg,1.0
575.jpeg,1.0
81.jpeg,1.0
467.jpeg,0.0
548.jpeg,1.0
255.jpeg,1.0
324.jpeg,0.0
509.jpeg,1.0
16.jpeg,1.0
342.jpeg,1.0
600.jpeg,1.0
465.jpeg,1.0
17.jpeg,1.0
83.jpeg,1.0
590.jpeg,1.0
379.jpeg,1.0
378.jpeg,0.0
107.jpeg,1.0
167.jpeg,0.0
564.jpeg,0.0
412.jpeg,0.0
335.jpeg,1.0
280.jpeg,1.0
290.jpeg,1.0
353.jpeg,1.0
411.jpeg,1.0
605.jpeg,1.0
597.jpeg,1.0
527.jpeg,1.0
320.jpeg,1.0
281.jpeg,0.0
517.jpeg,0.0
175.jpeg,1.0
132.jpeg,1.0
207.jpeg,1.0
289.jpeg,1.0
216.jpeg,1.0
102.jpeg,1.0
387.jpeg,1.0
573.jpeg,1.0
188.jpeg,1.0
416.jpeg,1.0
293.jpeg,1.0
421.jpeg,1.0
176.jpeg,1.0
178.jpeg,1.0
529.jpeg,1.0
614.jpeg,1.0
598.jpeg,1.0
607.jpeg,1.0
68.jpeg,1.0
208.jpeg,1.0
238.jpeg,1.0
52.jpeg,1.0
352.jpeg,1.0
473.jpeg,1.0
484.jpeg,1.0
588.jpeg,1.0
433.jpeg,1.0
460.jpeg,1.0
570.jpeg,0.0
128.jpeg,0.0
520.jpeg,1.0
22.jpeg,1.0
44.jpeg,1.0
257.jpeg,1.0
159.jpeg,1.0
393.jpeg,1.0
13.jpeg,1.0
78.jpeg,1.0
426.jpeg,1.0
119.jpeg,1.0
104.jpeg,1.0
510.jpeg,1.0
452.jpeg,1.0
121.jpeg,1.0
339.jpeg,1.0
437.jpeg,1.0
448.jpeg,1.0
253.jpeg,1.0
502.jpeg,1.0
369.jpeg,1.0
5.jpeg,1.0
205.jpeg,1.0
100.jpeg,1.0
466.jpeg,1.0
33.jpeg,1.0
390.jpeg,1.0
72.jpeg,1.0
323.jpeg,1.0
414.jpeg,1.0
508.jpeg,0.0
183.jpeg,1.0
332.jpeg,0.0
300.jpeg,1.0
319.jpeg,0.0
54.jpeg,0.0
108.jpeg,1.0
263.jpeg,1.0
249.jpeg,1.0
86.jpeg,1.0
615.jpeg,1.0
130.jpeg,1.0
308.jpeg,1.0
499.jpeg,0.0
251.jpeg,1.0
32.jpeg,0.0
210.jpeg,1.0
56.jpeg,1.0
0.jpeg,1.0
367.jpeg,1.0
131.jpeg,1.0
185.jpeg,1.0
458.jpeg,1.0
611.jpeg,1.0
599.jpeg,1.0
549.jpeg,1.0
500.jpeg,1.0
71.jpeg,1.0
98.jpeg,1.0
233.jpeg,1.0
423.jpeg,1.0
340.jpeg,0.0
333.jpeg,1.0
174.jpeg,1.0
350.jpeg,1.0
377.jpeg,1.0
523.jpeg,0.0
95.jpeg,0.0
277.jpeg,1.0
156.jpeg,1.0
394.jpeg,1.0
223.jpeg,0.0
191.jpeg,1.0
147.jpeg,0.0
186.jpeg,1.0
231.jpeg,0.0
74.jpeg,0.0
343.jpeg,0.0
217.jpeg,1.0
316.jpeg,1.0
268.jpeg,1.0
337.jpeg,1.0
124.jpeg,1.0
435.jpeg,0.0
77.jpeg,1.0
487.jpeg,1.0
295.jpeg,1.0
41.jpeg,0.0
256.jpeg,1.0
397.jpeg,1.0
120.jpeg,1.0
442.jpeg,1.0
518.jpeg,1.0
349.jpeg,1.0
265.jpeg,1.0
357.jpeg,1.0
477.jpeg,1.0
359.jpeg,0.0
228.jpeg,0.0
240.jpeg,1.0
601.jpeg,1.0
35.jpeg,1.0
347.jpeg,1.0
403.jpeg,1.0
155.jpeg,1.0
